id,name,total_spend,total_clicks,rows
ADN001,TikTok Ads,8750.25,4521,1
ADN002,Snapchat,5420.5,2145,1
ADN003,Pinterest,3200.0,1876,1
ADN004,Twitter,0.0,2345,1
ADN005,Twitch,1200.5,890,1
ADN006,Discord,7890.75,3456,1
ADN007,Reddit,2100.0,1234,1
ADN008,YouTube,15600.0,12345,1
ADN009,Spotify,6750.5,4321,1
camp_001,Summer Sale 2024,5420.5,3450,1
camp_002,Black Friday Promo,3875.25,2156,1
camp_003,Holiday Push,2100.0,1234,1
camp_004,Email Retarget,150.0,892,1
camp_005,new promo,99.0,93,1
